{"x":24.68000030517578,"y":1.4900000095367432,"z":36.779998779296878}